CookerStat, GenerateAssetRegistry=0.039708, Initialize=0.213027, RunGuid=RunIDB40CBA39473CB239AC7A759A916C6834
DDCTransactionId2CB919A1437CD551510CCFA078F1EF17_0, PutCachedData=, CacheKey=PhysX_1D9C17C451EA4FB88CB7A27536A65DB0_PhysXPC_91402986402B392DE5A66E93550BA2D__67F842409E00EEE6F8AA07DE6C8DD44226BF6FF8, StartTime=2016.04.07-19.20.12, HierarchicalDDC=, DataSize=840, Duration=5.694851, RunGuid=RunIDB40CBA39473CB239AC7A759A916C6834
SavePackageTransactionId7F9A448444E762F9FC669A9A6049C74C_0, Filename=G:/CastleQuest/CastleQuest/Content/StarterContent/Architecture/Floor_400x400.uasset, AutoPackageBackupDelegate=51.837761, FlushAsyncLoading=0.010196, FlushStreamingFunc=0.055805, BlockTillAllRequestsFinished=0.036757, ResetLoadersForSaveUnMarkAllObjects=48.520008, TagPackageExports=0.068147, BeginCacheForCookedPlatformData=0.001609, SerializeImports=10.967944, GatherLocalizableTextData=13.164487, MarkNames=0.020660, SerializeSummary=0.315513, SerializeNames=0.074320, SerializeGatherableTextData=0.001609, BuildExportMap=0.352811, SortExportsNonSeekfree=0.305321, SortExportsSeekfreeConstructor=10.224763, SortExportsSeekfreeInner=1.177821, SortExportsSeekfree=0.004023, BuildDependencyMap=0.017438, SerializeImportMap=0.013415, SerializeExportMap=0.008315, SerializeDependencyMap=0.002146, SerializeStringAssetReferenceMap=0.001878, SaveThumbNailsAssetRegistryDataWorldLevelInfo=40.266956, SerializeExports=0.444029, SerializeBulkData=0.032198, MoveFile=4.259739, UnaccountedTime=28.361313, RunGuid=RunIDB40CBA39473CB239AC7A759A916C6834
DDCTransactionId6F23FDA94934FE21D5C663BC1AF798FE_0, BuildTexture=, CacheKey=TEXTURE_814DCC3DC72143F49509781513CB9855_BC5_0DABF3BE4A6A8F625DFAFDAD977CA77A_07_0000803F0000803F0000803F000000000000803F00000000000000000000803F00000000000000000200000001000000000000000100000000040000803FFFFFFFFF00000000FF00FF00FFFF8180803B, StartTime=2016.04.07-19.20.15, Duration=996.525818, RunGuid=RunIDB40CBA39473CB239AC7A759A916C6834
DDCTransactionId6B310DC9477F09A6A07916859E65B7BB_0, PutCachedData=, CacheKey=TEXTURE_814DCC3DC72143F49509781513CB9855_BC5_0DABF3BE4A6A8F625DFAFDAD977CA77A___668E0A9304D7DCE3BCD8EA51EE746D81F1236681, StartTime=2016.04.07-19.20.16, HierarchicalDDC=, DataSize=4194565, Duration=27.917017, RunGuid=RunIDB40CBA39473CB239AC7A759A916C6834
DDCTransactionId2CB919A1437CD551510CCFA078F1EF17_1, PutCachedData=, CacheKey=TEXTURE_814DCC3DC72143F49509781513CB9855_BC5_0DABF3BE4A6A8F625DFAFDAD977CA77A___47F9858ECB7B24E496217985BE45708EE7A1D51E, StartTime=2016.04.07-19.20.16, HierarchicalDDC=, DataSize=1048837, Duration=13.289780, RunGuid=RunIDB40CBA39473CB239AC7A759A916C6834
DDCTransactionId2CB919A1437CD551510CCFA078F1EF17_2, PutCachedData=, CacheKey=TEXTURE_814DCC3DC72143F49509781513CB9855_BC5_0DABF3BE4A6A8F625DFAFDAD977CA77A___0B8CB7F6E76602F8723E32D90A9FD1E79713D24D, StartTime=2016.04.07-19.20.16, HierarchicalDDC=, DataSize=262403, Duration=15.822496, RunGuid=RunIDB40CBA39473CB239AC7A759A916C6834
DDCTransactionId6B310DC9477F09A6A07916859E65B7BB_1, PutCachedData=, CacheKey=TEXTURE_814DCC3DC72143F49509781513CB9855_BC5_0DABF3BE4A6A8F625DFAFDAD977CA77A___A5FAD70A3B307936EFFCF23930704256F7E25A2F, StartTime=2016.04.07-19.20.16, HierarchicalDDC=, DataSize=65795, Duration=10.061909, RunGuid=RunIDB40CBA39473CB239AC7A759A916C6834
DDCTransactionId2CB919A1437CD551510CCFA078F1EF17_3, PutCachedData=, CacheKey=TEXTURE_814DCC3DC72143F49509781513CB9855_BC5_0DABF3BE4A6A8F625DFAFDAD977CA77A___CC0DB5C49F2BA771BFDE3E22FCBEF007087628AE, StartTime=2016.04.07-19.20.16, HierarchicalDDC=, DataSize=16643, Duration=10.819849, RunGuid=RunIDB40CBA39473CB239AC7A759A916C6834
DDCTransactionId6B310DC9477F09A6A07916859E65B7BB_2, PutCachedData=, CacheKey=TEXTURE_814DCC3DC72143F49509781513CB9855_BC5_0DABF3BE4A6A8F625DFAFDAD977CA77A___3E9FB6A43D6FCDECB38330BE3784CAD88281BA18, StartTime=2016.04.07-19.20.16, HierarchicalDDC=, DataSize=7468, Duration=16.686409, RunGuid=RunIDB40CBA39473CB239AC7A759A916C6834
DDCTransactionId6F23FDA94934FE21D5C663BC1AF798FE_1, BuildTexture=, CacheKey=TEXTURE_814DCC3DC72143F49509781513CB9855_AutoDXT_374BBFF1488B0927EDF3569329E63566_07_0000803F0000803F0000803F000000000000803F00000000000000000000803F00000000000000000200000001000000000000000101000000040000803FFFFFFFFF00000000FF00FF00FFFF8180803B, StartTime=2016.04.07-19.20.16, Duration=1139.632324, RunGuid=RunIDB40CBA39473CB239AC7A759A916C6834
DDCTransactionId2CB919A1437CD551510CCFA078F1EF17_4, PutCachedData=, CacheKey=TEXTURE_814DCC3DC72143F49509781513CB9855_AutoDXT_374BBFF1488B0927EDF3569329E63__5AB79279BEE68E603DA6198FEE21EE3F3AE84B70, StartTime=2016.04.07-19.20.17, HierarchicalDDC=, DataSize=4194569, Duration=41.571407, RunGuid=RunIDB40CBA39473CB239AC7A759A916C6834
DDCTransactionId6B310DC9477F09A6A07916859E65B7BB_3, PutCachedData=, CacheKey=TEXTURE_814DCC3DC72143F49509781513CB9855_AutoDXT_374BBFF1488B0927EDF3569329E63__F7DB10929716B71F77DE621552F12AC3AD1E324E, StartTime=2016.04.07-19.20.17, HierarchicalDDC=, DataSize=1048841, Duration=28.018698, RunGuid=RunIDB40CBA39473CB239AC7A759A916C6834
DDCTransactionId6B310DC9477F09A6A07916859E65B7BB_4, PutCachedData=, CacheKey=TEXTURE_814DCC3DC72143F49509781513CB9855_AutoDXT_374BBFF1488B0927EDF3569329E63__D3D9D45138D3F6A8DD2BF2C16E55D0DB0054A1FF, StartTime=2016.04.07-19.20.17, HierarchicalDDC=, DataSize=262407, Duration=41.288895, RunGuid=RunIDB40CBA39473CB239AC7A759A916C6834
DDCTransactionId2CB919A1437CD551510CCFA078F1EF17_5, PutCachedData=, CacheKey=TEXTURE_814DCC3DC72143F49509781513CB9855_AutoDXT_374BBFF1488B0927EDF3569329E63__9AB91DA2D93FC77079769AF87BCDA3629DDACC5C, StartTime=2016.04.07-19.20.17, HierarchicalDDC=, DataSize=65799, Duration=27.008568, RunGuid=RunIDB40CBA39473CB239AC7A759A916C6834
DDCTransactionId2CB919A1437CD551510CCFA078F1EF17_6, PutCachedData=, CacheKey=TEXTURE_814DCC3DC72143F49509781513CB9855_AutoDXT_374BBFF1488B0927EDF3569329E63__25EBEEE52518043FE8F68C916A2718BE716FA077, StartTime=2016.04.07-19.20.17, HierarchicalDDC=, DataSize=16647, Duration=6.324544, RunGuid=RunIDB40CBA39473CB239AC7A759A916C6834
DDCTransactionId2CB919A1437CD551510CCFA078F1EF17_7, PutCachedData=, CacheKey=TEXTURE_814DCC3DC72143F49509781513CB9855_AutoDXT_374BBFF1488B0927EDF3569329E63__E0716957695E21434F0CBC5F768AF5EDD713A1EE, StartTime=2016.04.07-19.20.17, HierarchicalDDC=, DataSize=7493, Duration=5.962078, RunGuid=RunIDB40CBA39473CB239AC7A759A916C6834
DDCTransactionId6F23FDA94934FE21D5C663BC1AF798FE_2, BuildTexture=, CacheKey=TEXTURE_814DCC3DC72143F49509781513CB9855_BC5_7F4970AF407237B338721894AC7C55A6_07_0000803F0000803F0000803F000000000000803F00000000000000000000803F00000000000000000200000001000000000000000100000000040000803FFFFFFFFF00000000FF00FF00FFFF8180803B, StartTime=2016.04.07-19.20.17, Duration=855.832703, RunGuid=RunIDB40CBA39473CB239AC7A759A916C6834
DDCTransactionId6B310DC9477F09A6A07916859E65B7BB_5, PutCachedData=, CacheKey=TEXTURE_814DCC3DC72143F49509781513CB9855_BC5_7F4970AF407237B338721894AC7C55A6___AD36A6067FB8A01F31F3AF4C8946399C517CF391, StartTime=2016.04.07-19.20.18, HierarchicalDDC=, DataSize=4194565, Duration=24.875879, RunGuid=RunIDB40CBA39473CB239AC7A759A916C6834
DDCTransactionId2CB919A1437CD551510CCFA078F1EF17_8, PutCachedData=, CacheKey=TEXTURE_814DCC3DC72143F49509781513CB9855_BC5_7F4970AF407237B338721894AC7C55A6___4860EF7BC752CBE02CCB2705BF8CB48A698E4BD9, StartTime=2016.04.07-19.20.18, HierarchicalDDC=, DataSize=1048837, Duration=17.347223, RunGuid=RunIDB40CBA39473CB239AC7A759A916C6834
DDCTransactionId6B310DC9477F09A6A07916859E65B7BB_6, PutCachedData=, CacheKey=TEXTURE_814DCC3DC72143F49509781513CB9855_BC5_7F4970AF407237B338721894AC7C55A6___5A0BB6E1D372F839D324E10225DE8469984B21FA, StartTime=2016.04.07-19.20.18, HierarchicalDDC=, DataSize=262403, Duration=9.728953, RunGuid=RunIDB40CBA39473CB239AC7A759A916C6834
DDCTransactionId2CB919A1437CD551510CCFA078F1EF17_9, PutCachedData=, CacheKey=TEXTURE_814DCC3DC72143F49509781513CB9855_BC5_7F4970AF407237B338721894AC7C55A6___4A2C3032BACEEE299B3642FEDA89B93B1EE78D43, StartTime=2016.04.07-19.20.18, HierarchicalDDC=, DataSize=65795, Duration=9.369168, RunGuid=RunIDB40CBA39473CB239AC7A759A916C6834
DDCTransactionId6B310DC9477F09A6A07916859E65B7BB_7, PutCachedData=, CacheKey=TEXTURE_814DCC3DC72143F49509781513CB9855_BC5_7F4970AF407237B338721894AC7C55A6___F3E2FBA30778DC84BB0F5ED8A50653CF9CD5C95F, StartTime=2016.04.07-19.20.18, HierarchicalDDC=, DataSize=16643, Duration=73.557945, RunGuid=RunIDB40CBA39473CB239AC7A759A916C6834
DDCTransactionId2CB919A1437CD551510CCFA078F1EF17_10, PutCachedData=, CacheKey=TEXTURE_814DCC3DC72143F49509781513CB9855_BC5_7F4970AF407237B338721894AC7C55A6___B8E76038B1FAF49B2983EFFD6E7B86CBF6237101, StartTime=2016.04.07-19.20.18, HierarchicalDDC=, DataSize=7468, Duration=7.424556, RunGuid=RunIDB40CBA39473CB239AC7A759A916C6834
DDCTransactionId6F23FDA94934FE21D5C663BC1AF798FE_3, BuildTexture=, CacheKey=TEXTURE_814DCC3DC72143F49509781513CB9855_AutoDXT_315FAD6D4390607D259D4CBB0214981B_07_0000803F0000803F0000803F000000000000803F00000000000000000000803F00000000000000000200000001000100000000000101000000040000803FFFFFFFFF00000000FF00FF00FFFF8180803B, StartTime=2016.04.07-19.20.19, Duration=4684.999023, RunGuid=RunIDB40CBA39473CB239AC7A759A916C6834
DDCTransactionId2CB919A1437CD551510CCFA078F1EF17_11, PutCachedData=, CacheKey=TEXTURE_814DCC3DC72143F49509781513CB9855_AutoDXT_315FAD6D4390607D259D4CBB02149__B3E8551A7C8AE3BB624F7403BBB940E8E2B28322, StartTime=2016.04.07-19.20.23, HierarchicalDDC=, DataSize=4194569, Duration=23.350615, RunGuid=RunIDB40CBA39473CB239AC7A759A916C6834
DDCTransactionId6B310DC9477F09A6A07916859E65B7BB_8, PutCachedData=, CacheKey=TEXTURE_814DCC3DC72143F49509781513CB9855_AutoDXT_315FAD6D4390607D259D4CBB02149__EB4BF6094A952123C8F94095BB951C84F950EFD9, StartTime=2016.04.07-19.20.23, HierarchicalDDC=, DataSize=1048841, Duration=12.820263, RunGuid=RunIDB40CBA39473CB239AC7A759A916C6834
DDCTransactionId6B310DC9477F09A6A07916859E65B7BB_9, PutCachedData=, CacheKey=TEXTURE_814DCC3DC72143F49509781513CB9855_AutoDXT_315FAD6D4390607D259D4CBB02149__2E8D1FA22811FB07EA77E0A1602173D96E062591, StartTime=2016.04.07-19.20.23, HierarchicalDDC=, DataSize=262407, Duration=11.507489, RunGuid=RunIDB40CBA39473CB239AC7A759A916C6834
DDCTransactionId2CB919A1437CD551510CCFA078F1EF17_12, PutCachedData=, CacheKey=TEXTURE_814DCC3DC72143F49509781513CB9855_AutoDXT_315FAD6D4390607D259D4CBB02149__0961CA06BF1893FDAB622FCD733E1DB2470687BB, StartTime=2016.04.07-19.20.23, HierarchicalDDC=, DataSize=65799, Duration=9.192631, RunGuid=RunIDB40CBA39473CB239AC7A759A916C6834
DDCTransactionId6B310DC9477F09A6A07916859E65B7BB_10, PutCachedData=, CacheKey=TEXTURE_814DCC3DC72143F49509781513CB9855_AutoDXT_315FAD6D4390607D259D4CBB02149__E8DA98BA3C8173D4702B70CA2E9187F915D75E23, StartTime=2016.04.07-19.20.23, HierarchicalDDC=, DataSize=16647, Duration=8.190010, RunGuid=RunIDB40CBA39473CB239AC7A759A916C6834
DDCTransactionId2CB919A1437CD551510CCFA078F1EF17_13, PutCachedData=, CacheKey=TEXTURE_814DCC3DC72143F49509781513CB9855_AutoDXT_315FAD6D4390607D259D4CBB02149__D88DBC5C48D5B5A27DCDD4DA341F7176C591A5FB, StartTime=2016.04.07-19.20.23, HierarchicalDDC=, DataSize=7493, Duration=6.413885, RunGuid=RunIDB40CBA39473CB239AC7A759A916C6834
DDCTransactionId6F23FDA94934FE21D5C663BC1AF798FE_4, BuildTexture=, CacheKey=TEXTURE_814DCC3DC72143F49509781513CB9855_BC5_953E836541FD413A56AE28B92BC05FD4_07_0000803F0000803F0000803F000000000000803F00000000000000000000803F00000000000000000200000001000000000000000100000000040000803FFFFFFFFF00000000FF00FF00FFFF8180803B, StartTime=2016.04.07-19.20.23, Duration=786.058289, RunGuid=RunIDB40CBA39473CB239AC7A759A916C6834
DDCTransactionId6B310DC9477F09A6A07916859E65B7BB_11, PutCachedData=, CacheKey=TEXTURE_814DCC3DC72143F49509781513CB9855_BC5_953E836541FD413A56AE28B92BC05FD4___E459626E63ED45EF561A856BABEAE27A84746866, StartTime=2016.04.07-19.20.24, HierarchicalDDC=, DataSize=4194565, Duration=24.743073, RunGuid=RunIDB40CBA39473CB239AC7A759A916C6834
DDCTransactionId2CB919A1437CD551510CCFA078F1EF17_14, PutCachedData=, CacheKey=TEXTURE_814DCC3DC72143F49509781513CB9855_BC5_953E836541FD413A56AE28B92BC05FD4___D4735834DC35101E223B6ED198367AF339378B4F, StartTime=2016.04.07-19.20.24, HierarchicalDDC=, DataSize=1048837, Duration=11.885784, RunGuid=RunIDB40CBA39473CB239AC7A759A916C6834
DDCTransactionId2CB919A1437CD551510CCFA078F1EF17_15, PutCachedData=, CacheKey=TEXTURE_814DCC3DC72143F49509781513CB9855_BC5_953E836541FD413A56AE28B92BC05FD4___0D07BA7E0DD518C73916733CF297FC9510B3F16D, StartTime=2016.04.07-19.20.24, HierarchicalDDC=, DataSize=262403, Duration=11.612124, RunGuid=RunIDB40CBA39473CB239AC7A759A916C6834
DDCTransactionId6B310DC9477F09A6A07916859E65B7BB_12, PutCachedData=, CacheKey=TEXTURE_814DCC3DC72143F49509781513CB9855_BC5_953E836541FD413A56AE28B92BC05FD4___3AC301F275406FCA314BBE61C1954B9F2AE85579, StartTime=2016.04.07-19.20.24, HierarchicalDDC=, DataSize=65795, Duration=8.138225, RunGuid=RunIDB40CBA39473CB239AC7A759A916C6834
DDCTransactionId2CB919A1437CD551510CCFA078F1EF17_16, PutCachedData=, CacheKey=TEXTURE_814DCC3DC72143F49509781513CB9855_BC5_953E836541FD413A56AE28B92BC05FD4___87B94521736ABA8A26F8F28B88597DA69B20E433, StartTime=2016.04.07-19.20.24, HierarchicalDDC=, DataSize=16643, Duration=55.234928, RunGuid=RunIDB40CBA39473CB239AC7A759A916C6834
DDCTransactionId6B310DC9477F09A6A07916859E65B7BB_13, PutCachedData=, CacheKey=TEXTURE_814DCC3DC72143F49509781513CB9855_BC5_953E836541FD413A56AE28B92BC05FD4___382725BB370E3BD860556FDB5E8BA88FF17B105F, StartTime=2016.04.07-19.20.24, HierarchicalDDC=, DataSize=7468, Duration=7.648047, RunGuid=RunIDB40CBA39473CB239AC7A759A916C6834
DDCTransactionId6F23FDA94934FE21D5C663BC1AF798FE_5, BuildTexture=, CacheKey=TEXTURE_814DCC3DC72143F49509781513CB9855_AutoDXT_A3DB5DE64093EAD778E380B675001A7D_07_0000803F0000803F0000803F000000000000803F00000000000000000000803F00000000000000000200000001000100000000000101000000040000803FFFFFFFFF00000000FF00FF00FFFF8180803B, StartTime=2016.04.07-19.20.24, Duration=4610.156250, RunGuid=RunIDB40CBA39473CB239AC7A759A916C6834
DDCTransactionId6B310DC9477F09A6A07916859E65B7BB_14, PutCachedData=, CacheKey=TEXTURE_814DCC3DC72143F49509781513CB9855_AutoDXT_A3DB5DE64093EAD778E380B675001__4391A10CC26AA4C4450E7B2CD2AEC0C8A5173452, StartTime=2016.04.07-19.20.29, HierarchicalDDC=, DataSize=4194569, Duration=22.403263, RunGuid=RunIDB40CBA39473CB239AC7A759A916C6834
DDCTransactionId2CB919A1437CD551510CCFA078F1EF17_17, PutCachedData=, CacheKey=TEXTURE_814DCC3DC72143F49509781513CB9855_AutoDXT_A3DB5DE64093EAD778E380B675001__6C6F55C709D2C6D80259E91B165FF0DD201E8414, StartTime=2016.04.07-19.20.29, HierarchicalDDC=, DataSize=1048841, Duration=10.808043, RunGuid=RunIDB40CBA39473CB239AC7A759A916C6834
DDCTransactionId2CB919A1437CD551510CCFA078F1EF17_18, PutCachedData=, CacheKey=TEXTURE_814DCC3DC72143F49509781513CB9855_AutoDXT_A3DB5DE64093EAD778E380B675001__472D707A7B0E529368F4E14ACA7E1BDEFAF3278C, StartTime=2016.04.07-19.20.29, HierarchicalDDC=, DataSize=262407, Duration=8.561060, RunGuid=RunIDB40CBA39473CB239AC7A759A916C6834
DDCTransactionId6B310DC9477F09A6A07916859E65B7BB_15, PutCachedData=, CacheKey=TEXTURE_814DCC3DC72143F49509781513CB9855_AutoDXT_A3DB5DE64093EAD778E380B675001__9E6D38A40922F5A1400995BEF8AB2BB72102E08E, StartTime=2016.04.07-19.20.29, HierarchicalDDC=, DataSize=65799, Duration=7.725857, RunGuid=RunIDB40CBA39473CB239AC7A759A916C6834
DDCTransactionId6B310DC9477F09A6A07916859E65B7BB_16, PutCachedData=, CacheKey=TEXTURE_814DCC3DC72143F49509781513CB9855_AutoDXT_A3DB5DE64093EAD778E380B675001__8549BBC3C19930FB5DB1555B9B25836589078D63, StartTime=2016.04.07-19.20.29, HierarchicalDDC=, DataSize=16647, Duration=5.983271, RunGuid=RunIDB40CBA39473CB239AC7A759A916C6834
DDCTransactionId2CB919A1437CD551510CCFA078F1EF17_19, PutCachedData=, CacheKey=TEXTURE_814DCC3DC72143F49509781513CB9855_AutoDXT_A3DB5DE64093EAD778E380B675001__26044AC63EDE5B72823857B3B8293FF58CDB07D1, StartTime=2016.04.07-19.20.29, HierarchicalDDC=, DataSize=7493, Duration=7.061016, RunGuid=RunIDB40CBA39473CB239AC7A759A916C6834
DDCTransactionId6F23FDA94934FE21D5C663BC1AF798FE_6, BuildTexture=, CacheKey=TEXTURE_814DCC3DC72143F49509781513CB9855_AutoDXT_175FFFF34B3800668E3E95AD8254F9FF_07_0000803F0000803F0000803F000000000000803F00000000000000000000803F00000000000000000200000001000000000000000101000000040000803FFFFFFFFF00000000FF00FF00FFFF8180803B, StartTime=2016.04.07-19.20.29, Duration=189.060226, RunGuid=RunIDB40CBA39473CB239AC7A759A916C6834
DDCTransactionId6B310DC9477F09A6A07916859E65B7BB_17, PutCachedData=, CacheKey=TEXTURE_814DCC3DC72143F49509781513CB9855_AutoDXT_175FFFF34B3800668E3E95AD8254F__07A88AF74FC1E73AB09610F8C968130817CECAC3, StartTime=2016.04.07-19.20.29, HierarchicalDDC=, DataSize=524553, Duration=9.253535, RunGuid=RunIDB40CBA39473CB239AC7A759A916C6834
DDCTransactionId2CB919A1437CD551510CCFA078F1EF17_20, PutCachedData=, CacheKey=TEXTURE_814DCC3DC72143F49509781513CB9855_AutoDXT_175FFFF34B3800668E3E95AD8254F__36D14B777ED17E3D5FC75B48AED96537AE53896D, StartTime=2016.04.07-19.20.29, HierarchicalDDC=, DataSize=131335, Duration=7.405777, RunGuid=RunIDB40CBA39473CB239AC7A759A916C6834
DDCTransactionId2CB919A1437CD551510CCFA078F1EF17_21, PutCachedData=, CacheKey=TEXTURE_814DCC3DC72143F49509781513CB9855_AutoDXT_175FFFF34B3800668E3E95AD8254F__60DD8B40791EDDF0CEA9C6EA24FB368B50CCE7B2, StartTime=2016.04.07-19.20.29, HierarchicalDDC=, DataSize=33031, Duration=6.627183, RunGuid=RunIDB40CBA39473CB239AC7A759A916C6834
DDCTransactionId6B310DC9477F09A6A07916859E65B7BB_18, PutCachedData=, CacheKey=TEXTURE_814DCC3DC72143F49509781513CB9855_AutoDXT_175FFFF34B3800668E3E95AD8254F__54360FB6FDE14A1E68B0C73A350C5AF456C27A04, StartTime=2016.04.07-19.20.29, HierarchicalDDC=, DataSize=8455, Duration=6.801844, RunGuid=RunIDB40CBA39473CB239AC7A759A916C6834
DDCTransactionId2CB919A1437CD551510CCFA078F1EF17_22, PutCachedData=, CacheKey=TEXTURE_814DCC3DC72143F49509781513CB9855_AutoDXT_175FFFF34B3800668E3E95AD8254F__93E5E5D4F615EF636436CEFD35B5A384CC018943, StartTime=2016.04.07-19.20.29, HierarchicalDDC=, DataSize=4452, Duration=6.567083, RunGuid=RunIDB40CBA39473CB239AC7A759A916C6834
DDCTransactionId6F23FDA94934FE21D5C663BC1AF798FE_7, BuildTexture=, CacheKey=TEXTURE_814DCC3DC72143F49509781513CB9855_BC5_550B17DD4E4B41095ADB0B9395D1461E_07_0000803F0000803F0000803F000000000000803F00000000000000000000803F00000000000000000200000001000000000000000100000000040000803FFFFFFFFF00000000FF00FF00FFFF8180803B, StartTime=2016.04.07-19.20.30, Duration=827.475403, RunGuid=RunIDB40CBA39473CB239AC7A759A916C6834
DDCTransactionId6B310DC9477F09A6A07916859E65B7BB_19, PutCachedData=, CacheKey=TEXTURE_814DCC3DC72143F49509781513CB9855_BC5_550B17DD4E4B41095ADB0B9395D1461E___28D98B9BACB0D754935FE389E58534CB52AB6BFA, StartTime=2016.04.07-19.20.30, HierarchicalDDC=, DataSize=4194565, Duration=24.853077, RunGuid=RunIDB40CBA39473CB239AC7A759A916C6834
DDCTransactionId2CB919A1437CD551510CCFA078F1EF17_23, PutCachedData=, CacheKey=TEXTURE_814DCC3DC72143F49509781513CB9855_BC5_550B17DD4E4B41095ADB0B9395D1461E___9E48D523BD074D32C26379ECA6F407E7B68CFEF9, StartTime=2016.04.07-19.20.30, HierarchicalDDC=, DataSize=1048837, Duration=11.573221, RunGuid=RunIDB40CBA39473CB239AC7A759A916C6834
DDCTransactionId2CB919A1437CD551510CCFA078F1EF17_24, PutCachedData=, CacheKey=TEXTURE_814DCC3DC72143F49509781513CB9855_BC5_550B17DD4E4B41095ADB0B9395D1461E___E972E517DD60D95E1C46DFC4007337E93E155A8C, StartTime=2016.04.07-19.20.30, HierarchicalDDC=, DataSize=262403, Duration=13.282001, RunGuid=RunIDB40CBA39473CB239AC7A759A916C6834
DDCTransactionId6B310DC9477F09A6A07916859E65B7BB_20, PutCachedData=, CacheKey=TEXTURE_814DCC3DC72143F49509781513CB9855_BC5_550B17DD4E4B41095ADB0B9395D1461E___F6B3843AA2C3552BF9BB3A9EC0F3D6FD4CAACDF1, StartTime=2016.04.07-19.20.30, HierarchicalDDC=, DataSize=65795, Duration=9.721707, RunGuid=RunIDB40CBA39473CB239AC7A759A916C6834
DDCTransactionId2CB919A1437CD551510CCFA078F1EF17_25, PutCachedData=, CacheKey=TEXTURE_814DCC3DC72143F49509781513CB9855_BC5_550B17DD4E4B41095ADB0B9395D1461E___7C98BD541A8AEDBB90702D519DD62E0FECD22B3B, StartTime=2016.04.07-19.20.30, HierarchicalDDC=, DataSize=16643, Duration=6.815795, RunGuid=RunIDB40CBA39473CB239AC7A759A916C6834
DDCTransactionId6B310DC9477F09A6A07916859E65B7BB_21, PutCachedData=, CacheKey=TEXTURE_814DCC3DC72143F49509781513CB9855_BC5_550B17DD4E4B41095ADB0B9395D1461E___6773721C977F58677E206A77EB5EB90606B07256, StartTime=2016.04.07-19.20.30, HierarchicalDDC=, DataSize=7468, Duration=6.570842, RunGuid=RunIDB40CBA39473CB239AC7A759A916C6834
DDCTransactionId6F23FDA94934FE21D5C663BC1AF798FE_8, BuildTexture=, CacheKey=TEXTURE_814DCC3DC72143F49509781513CB9855_BC5_7F4970AF407237B338721894AC7C55A6_07_0000803F0000803F0000803F000000000000803F00000000000000000000803F00000000000000000200000001000000000000000100000000040000803FFFFFFFFF00000000FF00FF00FFFF8180803B, StartTime=2016.04.07-19.20.31, Duration=847.354004, RunGuid=RunIDB40CBA39473CB239AC7A759A916C6834
DDCTransactionId2CB919A1437CD551510CCFA078F1EF17_26, PutCachedData=, CacheKey=TEXTURE_814DCC3DC72143F49509781513CB9855_BC5_7F4970AF407237B338721894AC7C55A6___AD36A6067FB8A01F31F3AF4C8946399C517CF391, StartTime=2016.04.07-19.20.31, HierarchicalDDC=, DataSize=4194565, Duration=7.494047, RunGuid=RunIDB40CBA39473CB239AC7A759A916C6834
DDCTransactionId6B310DC9477F09A6A07916859E65B7BB_22, PutCachedData=, CacheKey=TEXTURE_814DCC3DC72143F49509781513CB9855_BC5_7F4970AF407237B338721894AC7C55A6___4860EF7BC752CBE02CCB2705BF8CB48A698E4BD9, StartTime=2016.04.07-19.20.31, HierarchicalDDC=, DataSize=1048837, Duration=1.585629, RunGuid=RunIDB40CBA39473CB239AC7A759A916C6834
DDCTransactionId2CB919A1437CD551510CCFA078F1EF17_27, PutCachedData=, CacheKey=TEXTURE_814DCC3DC72143F49509781513CB9855_BC5_7F4970AF407237B338721894AC7C55A6___5A0BB6E1D372F839D324E10225DE8469984B21FA, StartTime=2016.04.07-19.20.31, HierarchicalDDC=, DataSize=262403, Duration=0.507347, RunGuid=RunIDB40CBA39473CB239AC7A759A916C6834
DDCTransactionId6B310DC9477F09A6A07916859E65B7BB_23, PutCachedData=, CacheKey=TEXTURE_814DCC3DC72143F49509781513CB9855_BC5_7F4970AF407237B338721894AC7C55A6___4A2C3032BACEEE299B3642FEDA89B93B1EE78D43, StartTime=2016.04.07-19.20.31, HierarchicalDDC=, DataSize=65795, Duration=0.208467, RunGuid=RunIDB40CBA39473CB239AC7A759A916C6834
DDCTransactionId2CB919A1437CD551510CCFA078F1EF17_28, PutCachedData=, CacheKey=TEXTURE_814DCC3DC72143F49509781513CB9855_BC5_7F4970AF407237B338721894AC7C55A6___F3E2FBA30778DC84BB0F5ED8A50653CF9CD5C95F, StartTime=2016.04.07-19.20.31, HierarchicalDDC=, DataSize=16643, Duration=0.116974, RunGuid=RunIDB40CBA39473CB239AC7A759A916C6834
DDCTransactionId6B310DC9477F09A6A07916859E65B7BB_24, PutCachedData=, CacheKey=TEXTURE_814DCC3DC72143F49509781513CB9855_BC5_7F4970AF407237B338721894AC7C55A6___B8E76038B1FAF49B2983EFFD6E7B86CBF6237101, StartTime=2016.04.07-19.20.31, HierarchicalDDC=, DataSize=7468, Duration=0.083171, RunGuid=RunIDB40CBA39473CB239AC7A759A916C6834
DDCTransactionId6F23FDA94934FE21D5C663BC1AF798FE_9, BuildTexture=, CacheKey=TEXTURE_814DCC3DC72143F49509781513CB9855_AutoDXT_315FAD6D4390607D259D4CBB0214981B_07_0000803F0000803F0000803F000000000000803F00000000000000000000803F00000000000000000200000001000100000000000101000000040000803FFFFFFFFF00000000FF00FF00FFFF8180803B, StartTime=2016.04.07-19.20.32, Duration=4766.011230, RunGuid=RunIDB40CBA39473CB239AC7A759A916C6834
DDCTransactionId2CB919A1437CD551510CCFA078F1EF17_29, PutCachedData=, CacheKey=TEXTURE_814DCC3DC72143F49509781513CB9855_AutoDXT_315FAD6D4390607D259D4CBB02149__B3E8551A7C8AE3BB624F7403BBB940E8E2B28322, StartTime=2016.04.07-19.20.36, HierarchicalDDC=, DataSize=4194569, Duration=7.284239, RunGuid=RunIDB40CBA39473CB239AC7A759A916C6834
DDCTransactionId6B310DC9477F09A6A07916859E65B7BB_25, PutCachedData=, CacheKey=TEXTURE_814DCC3DC72143F49509781513CB9855_AutoDXT_315FAD6D4390607D259D4CBB02149__EB4BF6094A952123C8F94095BB951C84F950EFD9, StartTime=2016.04.07-19.20.36, HierarchicalDDC=, DataSize=1048841, Duration=2.321031, RunGuid=RunIDB40CBA39473CB239AC7A759A916C6834
DDCTransactionId2CB919A1437CD551510CCFA078F1EF17_30, PutCachedData=, CacheKey=TEXTURE_814DCC3DC72143F49509781513CB9855_AutoDXT_315FAD6D4390607D259D4CBB02149__2E8D1FA22811FB07EA77E0A1602173D96E062591, StartTime=2016.04.07-19.20.36, HierarchicalDDC=, DataSize=262407, Duration=0.678521, RunGuid=RunIDB40CBA39473CB239AC7A759A916C6834
DDCTransactionId2CB919A1437CD551510CCFA078F1EF17_31, PutCachedData=, CacheKey=TEXTURE_814DCC3DC72143F49509781513CB9855_AutoDXT_315FAD6D4390607D259D4CBB02149__0961CA06BF1893FDAB622FCD733E1DB2470687BB, StartTime=2016.04.07-19.20.36, HierarchicalDDC=, DataSize=65799, Duration=0.297002, RunGuid=RunIDB40CBA39473CB239AC7A759A916C6834
DDCTransactionId6B310DC9477F09A6A07916859E65B7BB_26, PutCachedData=, CacheKey=TEXTURE_814DCC3DC72143F49509781513CB9855_AutoDXT_315FAD6D4390607D259D4CBB02149__E8DA98BA3C8173D4702B70CA2E9187F915D75E23, StartTime=2016.04.07-19.20.36, HierarchicalDDC=, DataSize=16647, Duration=0.104100, RunGuid=RunIDB40CBA39473CB239AC7A759A916C6834
DDCTransactionId6B310DC9477F09A6A07916859E65B7BB_27, PutCachedData=, CacheKey=TEXTURE_814DCC3DC72143F49509781513CB9855_AutoDXT_315FAD6D4390607D259D4CBB02149__D88DBC5C48D5B5A27DCDD4DA341F7176C591A5FB, StartTime=2016.04.07-19.20.36, HierarchicalDDC=, DataSize=7493, Duration=0.077270, RunGuid=RunIDB40CBA39473CB239AC7A759A916C6834
DDCTransactionId6F23FDA94934FE21D5C663BC1AF798FE_10, BuildTexture=, CacheKey=TEXTURE_814DCC3DC72143F49509781513CB9855_AutoDXT_49EBE4F9430B027F3639729C4CE028A7_07_0000803F0000803F0000803F000000000000803F00000000000000000000803F00000000000000000200000001000000000000000101000000040000803FFFFFFFFF00000000FF00FF00FFFF8180803B, StartTime=2016.04.07-19.20.36, Duration=77.910507, RunGuid=RunIDB40CBA39473CB239AC7A759A916C6834
DDCTransactionId6B310DC9477F09A6A07916859E65B7BB_28, PutCachedData=, CacheKey=TEXTURE_814DCC3DC72143F49509781513CB9855_AutoDXT_49EBE4F9430B027F3639729C4CE02__4EE83C895828B45CA36D4968CBC323543A9A22B2, StartTime=2016.04.07-19.20.36, HierarchicalDDC=, DataSize=262407, Duration=9.536587, RunGuid=RunIDB40CBA39473CB239AC7A759A916C6834
DDCTransactionId2CB919A1437CD551510CCFA078F1EF17_32, PutCachedData=, CacheKey=TEXTURE_814DCC3DC72143F49509781513CB9855_AutoDXT_49EBE4F9430B027F3639729C4CE02__349CA13B15B01E106858DDDD0E3E3396DA218D6D, StartTime=2016.04.07-19.20.36, HierarchicalDDC=, DataSize=65799, Duration=8.216031, RunGuid=RunIDB40CBA39473CB239AC7A759A916C6834
DDCTransactionId2CB919A1437CD551510CCFA078F1EF17_33, PutCachedData=, CacheKey=TEXTURE_814DCC3DC72143F49509781513CB9855_AutoDXT_49EBE4F9430B027F3639729C4CE02__AC9285A4DAFDC0716DEF13130A9B06B3FE11A1AD, StartTime=2016.04.07-19.20.36, HierarchicalDDC=, DataSize=16647, Duration=7.877171, RunGuid=RunIDB40CBA39473CB239AC7A759A916C6834
DDCTransactionId6B310DC9477F09A6A07916859E65B7BB_29, PutCachedData=, CacheKey=TEXTURE_814DCC3DC72143F49509781513CB9855_AutoDXT_49EBE4F9430B027F3639729C4CE02__6569745CA631A9E5DFDCBA9FC53A8671E25127CD, StartTime=2016.04.07-19.20.36, HierarchicalDDC=, DataSize=6899, Duration=7.067189, RunGuid=RunIDB40CBA39473CB239AC7A759A916C6834
DDCTransactionId6F23FDA94934FE21D5C663BC1AF798FE_11, BuildTexture=, CacheKey=TEXTURE_814DCC3DC72143F49509781513CB9855_BC5_953E836541FD413A56AE28B92BC05FD4_07_0000803F0000803F0000803F000000000000803F00000000000000000000803F00000000000000000200000001000000000000000100000000040000803FFFFFFFFF00000000FF00FF00FFFF8180803B, StartTime=2016.04.07-19.20.37, Duration=787.478088, RunGuid=RunIDB40CBA39473CB239AC7A759A916C6834
DDCTransactionId2CB919A1437CD551510CCFA078F1EF17_34, PutCachedData=, CacheKey=TEXTURE_814DCC3DC72143F49509781513CB9855_BC5_953E836541FD413A56AE28B92BC05FD4___E459626E63ED45EF561A856BABEAE27A84746866, StartTime=2016.04.07-19.20.37, HierarchicalDDC=, DataSize=4194565, Duration=8.769795, RunGuid=RunIDB40CBA39473CB239AC7A759A916C6834
DDCTransactionId6B310DC9477F09A6A07916859E65B7BB_30, PutCachedData=, CacheKey=TEXTURE_814DCC3DC72143F49509781513CB9855_BC5_953E836541FD413A56AE28B92BC05FD4___D4735834DC35101E223B6ED198367AF339378B4F, StartTime=2016.04.07-19.20.37, HierarchicalDDC=, DataSize=1048837, Duration=1.604412, RunGuid=RunIDB40CBA39473CB239AC7A759A916C6834
DDCTransactionId6B310DC9477F09A6A07916859E65B7BB_31, PutCachedData=, CacheKey=TEXTURE_814DCC3DC72143F49509781513CB9855_BC5_953E836541FD413A56AE28B92BC05FD4___0D07BA7E0DD518C73916733CF297FC9510B3F16D, StartTime=2016.04.07-19.20.37, HierarchicalDDC=, DataSize=262403, Duration=0.496883, RunGuid=RunIDB40CBA39473CB239AC7A759A916C6834
DDCTransactionId2CB919A1437CD551510CCFA078F1EF17_35, PutCachedData=, CacheKey=TEXTURE_814DCC3DC72143F49509781513CB9855_BC5_953E836541FD413A56AE28B92BC05FD4___3AC301F275406FCA314BBE61C1954B9F2AE85579, StartTime=2016.04.07-19.20.37, HierarchicalDDC=, DataSize=65795, Duration=0.300493, RunGuid=RunIDB40CBA39473CB239AC7A759A916C6834
DDCTransactionId6B310DC9477F09A6A07916859E65B7BB_32, PutCachedData=, CacheKey=TEXTURE_814DCC3DC72143F49509781513CB9855_BC5_953E836541FD413A56AE28B92BC05FD4___87B94521736ABA8A26F8F28B88597DA69B20E433, StartTime=2016.04.07-19.20.37, HierarchicalDDC=, DataSize=16643, Duration=0.106514, RunGuid=RunIDB40CBA39473CB239AC7A759A916C6834
DDCTransactionId2CB919A1437CD551510CCFA078F1EF17_36, PutCachedData=, CacheKey=TEXTURE_814DCC3DC72143F49509781513CB9855_BC5_953E836541FD413A56AE28B92BC05FD4___382725BB370E3BD860556FDB5E8BA88FF17B105F, StartTime=2016.04.07-19.20.37, HierarchicalDDC=, DataSize=7468, Duration=0.187270, RunGuid=RunIDB40CBA39473CB239AC7A759A916C6834
DDCTransactionId6F23FDA94934FE21D5C663BC1AF798FE_12, BuildTexture=, CacheKey=TEXTURE_814DCC3DC72143F49509781513CB9855_AutoDXT_A3DB5DE64093EAD778E380B675001A7D_07_0000803F0000803F0000803F000000000000803F00000000000000000000803F00000000000000000200000001000100000000000101000000040000803FFFFFFFFF00000000FF00FF00FFFF8180803B, StartTime=2016.04.07-19.20.38, Duration=4579.666992, RunGuid=RunIDB40CBA39473CB239AC7A759A916C6834
DDCTransactionId6B310DC9477F09A6A07916859E65B7BB_33, PutCachedData=, CacheKey=TEXTURE_814DCC3DC72143F49509781513CB9855_AutoDXT_A3DB5DE64093EAD778E380B675001__4391A10CC26AA4C4450E7B2CD2AEC0C8A5173452, StartTime=2016.04.07-19.20.42, HierarchicalDDC=, DataSize=4194569, Duration=7.779516, RunGuid=RunIDB40CBA39473CB239AC7A759A916C6834
DDCTransactionId2CB919A1437CD551510CCFA078F1EF17_37, PutCachedData=, CacheKey=TEXTURE_814DCC3DC72143F49509781513CB9855_AutoDXT_A3DB5DE64093EAD778E380B675001__6C6F55C709D2C6D80259E91B165FF0DD201E8414, StartTime=2016.04.07-19.20.42, HierarchicalDDC=, DataSize=1048841, Duration=1.970902, RunGuid=RunIDB40CBA39473CB239AC7A759A916C6834
DDCTransactionId2CB919A1437CD551510CCFA078F1EF17_38, PutCachedData=, CacheKey=TEXTURE_814DCC3DC72143F49509781513CB9855_AutoDXT_A3DB5DE64093EAD778E380B675001__472D707A7B0E529368F4E14ACA7E1BDEFAF3278C, StartTime=2016.04.07-19.20.42, HierarchicalDDC=, DataSize=262407, Duration=0.558324, RunGuid=RunIDB40CBA39473CB239AC7A759A916C6834
DDCTransactionId2CB919A1437CD551510CCFA078F1EF17_39, PutCachedData=, CacheKey=TEXTURE_814DCC3DC72143F49509781513CB9855_AutoDXT_A3DB5DE64093EAD778E380B675001__9E6D38A40922F5A1400995BEF8AB2BB72102E08E, StartTime=2016.04.07-19.20.42, HierarchicalDDC=, DataSize=65799, Duration=0.540350, RunGuid=RunIDB40CBA39473CB239AC7A759A916C6834
DDCTransactionId6B310DC9477F09A6A07916859E65B7BB_34, PutCachedData=, CacheKey=TEXTURE_814DCC3DC72143F49509781513CB9855_AutoDXT_A3DB5DE64093EAD778E380B675001__8549BBC3C19930FB5DB1555B9B25836589078D63, StartTime=2016.04.07-19.20.42, HierarchicalDDC=, DataSize=16647, Duration=0.161782, RunGuid=RunIDB40CBA39473CB239AC7A759A916C6834
DDCTransactionId6B310DC9477F09A6A07916859E65B7BB_35, PutCachedData=, CacheKey=TEXTURE_814DCC3DC72143F49509781513CB9855_AutoDXT_A3DB5DE64093EAD778E380B675001__26044AC63EDE5B72823857B3B8293FF58CDB07D1, StartTime=2016.04.07-19.20.42, HierarchicalDDC=, DataSize=7493, Duration=0.109199, RunGuid=RunIDB40CBA39473CB239AC7A759A916C6834
DDCTransactionId2CB919A1437CD551510CCFA078F1EF17_40, PutCachedData=, CacheKey=PhysX_1D9C17C451EA4FB88CB7A27536A65DB0_PhysXPC_C418824E4EA51B7ABCD164BCEEBBFBB__790FD0E002ADB86E90C7606AE12BDD1A6B04FC1F, StartTime=2016.04.07-19.20.42, HierarchicalDDC=, DataSize=15261, Duration=5.423069, RunGuid=RunIDB40CBA39473CB239AC7A759A916C6834
DDCTransactionId6B310DC9477F09A6A07916859E65B7BB_36, PutCachedData=, CacheKey=NavCollision_B89838347A4348138EE337A847529C5C_NavCollision_X_C418824E4EA51B7AB__6F8920BE2BA6C3E595847FDD9E0C441C6B013D28, StartTime=2016.04.07-19.20.42, HierarchicalDDC=, DataSize=5902, Duration=4.854280, RunGuid=RunIDB40CBA39473CB239AC7A759A916C6834
DDCTransactionId6F23FDA94934FE21D5C663BC1AF798FE_13, BuildTexture=, CacheKey=TEXTURE_814DCC3DC72143F49509781513CB9855_BGRA8_72107D3F4110EAEF3BE5D5841EFE141A_07_0000803F0000803F0000803F000000000000803F00000000000000000000803F0000000000000000020000000D000100000000000101000000040000803FFFFFFFFF00000000FF00FF00FFFF8180803B, StartTime=2016.04.07-19.20.47, Duration=0.653569, RunGuid=RunIDB40CBA39473CB239AC7A759A916C6834
DDCTransactionId6B310DC9477F09A6A07916859E65B7BB_37, PutCachedData=, CacheKey=TEXTURE_814DCC3DC72143F49509781513CB9855_BGRA8_72107D3F4110EAEF3BE5D5841EFE141__EBFABFC50FA425319A0ADC765708F5FF2CC0430C, StartTime=2016.04.07-19.20.47, HierarchicalDDC=, DataSize=16696, Duration=6.370157, RunGuid=RunIDB40CBA39473CB239AC7A759A916C6834
DDCTransactionId6F23FDA94934FE21D5C663BC1AF798FE_14, BuildTexture=, CacheKey=TEXTURE_814DCC3DC72143F49509781513CB9855_BGRA8_4963A1D64E358284C2A151B90C2ACE24_07_0000803F0000803F0000803F000000000000803F00000000000000000000803F0000000000000000020000000D000100000000000101000000040000803FFFFFFFFF00000000FF00FF00FFFF8180803B, StartTime=2016.04.07-19.20.47, Duration=0.320613, RunGuid=RunIDB40CBA39473CB239AC7A759A916C6834
DDCTransactionId2CB919A1437CD551510CCFA078F1EF17_41, PutCachedData=, CacheKey=TEXTURE_814DCC3DC72143F49509781513CB9855_BGRA8_4963A1D64E358284C2A151B90C2ACE2__0877A119ECF8D290E51A42A8C457FAB4635C4CE5, StartTime=2016.04.07-19.20.47, HierarchicalDDC=, DataSize=6712, Duration=6.174028, RunGuid=RunIDB40CBA39473CB239AC7A759A916C6834
DDCTransactionId6F23FDA94934FE21D5C663BC1AF798FE_15, BuildTexture=, CacheKey=TEXTURE_814DCC3DC72143F49509781513CB9855_BGRA8_70FBE2144E9E03B3586828844F8F9E39_07_0000803F0000803F0000803F000000000000803F00000000000000000000803F0000000000000000020000000D000100000000000101000000040000803FFFFFFFFF00000000FF00FF00FFFF8180803B, StartTime=2016.04.07-19.20.47, Duration=0.652764, RunGuid=RunIDB40CBA39473CB239AC7A759A916C6834
DDCTransactionId6B310DC9477F09A6A07916859E65B7BB_38, PutCachedData=, CacheKey=TEXTURE_814DCC3DC72143F49509781513CB9855_BGRA8_70FBE2144E9E03B3586828844F8F9E3__AAD3CE188F72F692D5AA9967E2CA3DEDA43A777F, StartTime=2016.04.07-19.20.47, HierarchicalDDC=, DataSize=16696, Duration=228.232529, RunGuid=RunIDB40CBA39473CB239AC7A759A916C6834
DDCTransactionId6F23FDA94934FE21D5C663BC1AF798FE_16, BuildTexture=, CacheKey=TEXTURE_814DCC3DC72143F49509781513CB9855_BGRA8_8F68DA7846EE5B1FF2DDDC9433F817A8_07_0000803F0000803F0000803F000000000000803F00000000000000000000803F0000000000000000020000000D000100000000000101000000040000803FFFFFFFFF00000000FF00FF00FFFF8180803B, StartTime=2016.04.07-19.20.47, Duration=0.303175, RunGuid=RunIDB40CBA39473CB239AC7A759A916C6834
DDCTransactionId6F23FDA94934FE21D5C663BC1AF798FE_17, BuildTexture=, CacheKey=TEXTURE_814DCC3DC72143F49509781513CB9855_BGRA8_D07216FC40952418CFE0E28778D79B21_07_0000803F0000803F0000803F000000000000803F00000000000000000000803F0000000000000000020000000D000100000000000101000000040000803FFFFFFFFF00000000FF00FF00FFFF8180803B, StartTime=2016.04.07-19.20.47, Duration=0.349589, RunGuid=RunIDB40CBA39473CB239AC7A759A916C6834
DDCTransactionId2CB919A1437CD551510CCFA078F1EF17_42, PutCachedData=, CacheKey=TEXTURE_814DCC3DC72143F49509781513CB9855_BGRA8_8F68DA7846EE5B1FF2DDDC9433F817A__9FDFF1F38E2A447698C25ADA8828C9B7E78C264B, StartTime=2016.04.07-19.20.47, HierarchicalDDC=, DataSize=6712, Duration=8.721769, RunGuid=RunIDB40CBA39473CB239AC7A759A916C6834
DDCTransactionId6F23FDA94934FE21D5C663BC1AF798FE_18, BuildTexture=, CacheKey=TEXTURE_814DCC3DC72143F49509781513CB9855_BGRA8_0334AFB24D2E5AA9081F9BAFF9F95EE0_07_0000803F0000803F0000803F000000000000803F00000000000000000000803F0000000000000000020000000D000100000000000101000000040000803FFFFFFFFF00000000FF00FF00FFFF8180803B, StartTime=2016.04.07-19.20.47, Duration=0.342075, RunGuid=RunIDB40CBA39473CB239AC7A759A916C6834
DDCTransactionId2CB919A1437CD551510CCFA078F1EF17_43, PutCachedData=, CacheKey=TEXTURE_814DCC3DC72143F49509781513CB9855_BGRA8_D07216FC40952418CFE0E28778D79B2__89B7DC46CA82953BBE8057421208BB96E5C619A9, StartTime=2016.04.07-19.20.47, HierarchicalDDC=, DataSize=6712, Duration=4.574448, RunGuid=RunIDB40CBA39473CB239AC7A759A916C6834
DDCTransactionId2CB919A1437CD551510CCFA078F1EF17_44, PutCachedData=, CacheKey=TEXTURE_814DCC3DC72143F49509781513CB9855_BGRA8_0334AFB24D2E5AA9081F9BAFF9F95EE__ED95787AC12E31E95E769FBE5E7BFB4D77C53CB8, StartTime=2016.04.07-19.20.47, HierarchicalDDC=, DataSize=6712, Duration=4.503619, RunGuid=RunIDB40CBA39473CB239AC7A759A916C6834
DDCTransactionId6F23FDA94934FE21D5C663BC1AF798FE_19, BuildTexture=, CacheKey=TEXTURE_814DCC3DC72143F49509781513CB9855_BGRA8_2140CA5B4637C285519D6D91BA9973B1_07_0000803F0000803F0000803F000000000000803F00000000000000000000803F0000000000000000020000000D000100000000000101000000040000803FFFFFFFFF00000000FF00FF00FFFF8180803B, StartTime=2016.04.07-19.20.48, Duration=0.415053, RunGuid=RunIDB40CBA39473CB239AC7A759A916C6834
DDCTransactionId2CB919A1437CD551510CCFA078F1EF17_45, PutCachedData=, CacheKey=TEXTURE_814DCC3DC72143F49509781513CB9855_BGRA8_2140CA5B4637C285519D6D91BA9973B__42CF69DB21C149F8C8271914F4141A7EA80E9870, StartTime=2016.04.07-19.20.48, HierarchicalDDC=, DataSize=6712, Duration=10.574356, RunGuid=RunIDB40CBA39473CB239AC7A759A916C6834
DDCTransactionId6F23FDA94934FE21D5C663BC1AF798FE_20, BuildTexture=, CacheKey=TEXTURE_814DCC3DC72143F49509781513CB9855_BGRA8_748D4F054C3030AC8888BEA1993C93A6_07_0000803F0000803F0000803F000000000000803F00000000000000000000803F00000000000000000200000001000000000000000101000000040000803FFFFFFFFF00000000FF00FF00FFFF8180803B, StartTime=2016.04.07-19.20.48, Duration=3.911220, RunGuid=RunIDB40CBA39473CB239AC7A759A916C6834
DDCTransactionId6B310DC9477F09A6A07916859E65B7BB_39, PutCachedData=, CacheKey=TEXTURE_814DCC3DC72143F49509781513CB9855_BGRA8_748D4F054C3030AC8888BEA1993C93A__79AB56B57296E31CDFFE8867020509D14A699B71, StartTime=2016.04.07-19.20.48, HierarchicalDDC=, DataSize=16644, Duration=12.672164, RunGuid=RunIDB40CBA39473CB239AC7A759A916C6834
DDCTransactionId2CB919A1437CD551510CCFA078F1EF17_46, PutCachedData=, CacheKey=TEXTURE_814DCC3DC72143F49509781513CB9855_BGRA8_748D4F054C3030AC8888BEA1993C93A__66191627C7E8A6B05447BCF1CE20A881815777A9, StartTime=2016.04.07-19.20.48, HierarchicalDDC=, DataSize=8452, Duration=11.889812, RunGuid=RunIDB40CBA39473CB239AC7A759A916C6834
DDCTransactionId2CB919A1437CD551510CCFA078F1EF17_47, PutCachedData=, CacheKey=TEXTURE_814DCC3DC72143F49509781513CB9855_BGRA8_748D4F054C3030AC8888BEA1993C93A__3CE5BB905F1CC7D022240CF4A01B36E9E7C46A6B, StartTime=2016.04.07-19.20.48, HierarchicalDDC=, DataSize=4356, Duration=8.408129, RunGuid=RunIDB40CBA39473CB239AC7A759A916C6834
DDCTransactionId6B310DC9477F09A6A07916859E65B7BB_40, PutCachedData=, CacheKey=TEXTURE_814DCC3DC72143F49509781513CB9855_BGRA8_748D4F054C3030AC8888BEA1993C93A__7DAF3DF355D8ACA90C304E71CC15E2C8EEEC3DAF, StartTime=2016.04.07-19.20.48, HierarchicalDDC=, DataSize=2307, Duration=5.068649, RunGuid=RunIDB40CBA39473CB239AC7A759A916C6834
DDCTransactionId6B310DC9477F09A6A07916859E65B7BB_41, PutCachedData=, CacheKey=TEXTURE_814DCC3DC72143F49509781513CB9855_BGRA8_748D4F054C3030AC8888BEA1993C93A__AB11C0D74FF631D42824FDEC2F244CADF6A908B6, StartTime=2016.04.07-19.20.48, HierarchicalDDC=, DataSize=1283, Duration=5.091991, RunGuid=RunIDB40CBA39473CB239AC7A759A916C6834
DDCTransactionId2CB919A1437CD551510CCFA078F1EF17_48, PutCachedData=, CacheKey=TEXTURE_814DCC3DC72143F49509781513CB9855_BGRA8_748D4F054C3030AC8888BEA1993C93A__CED1D83E3FD3B0CB7BD9AA620DC7BDA967EECCBE, StartTime=2016.04.07-19.20.48, HierarchicalDDC=, DataSize=771, Duration=4.899889, RunGuid=RunIDB40CBA39473CB239AC7A759A916C6834
DDCTransactionId6B310DC9477F09A6A07916859E65B7BB_42, PutCachedData=, CacheKey=TEXTURE_814DCC3DC72143F49509781513CB9855_BGRA8_748D4F054C3030AC8888BEA1993C93A__A72DE74243C3FF2060D178C8A85568CB313921EB, StartTime=2016.04.07-19.20.48, HierarchicalDDC=, DataSize=2785, Duration=5.405899, RunGuid=RunIDB40CBA39473CB239AC7A759A916C6834
DDCTransactionId6F23FDA94934FE21D5C663BC1AF798FE_21, BuildTexture=, CacheKey=TEXTURE_814DCC3DC72143F49509781513CB9855_BGRA8_7F344B3E4D4266CCE88B709D7F500421_07_0000803F0000803F0000803F000000000000803F00000000000000000000803F0000000000000000020000000D000100000000000101000000040000803FFFFFFFFF00000000FF00FF00FFFF8180803B, StartTime=2016.04.07-19.20.52, Duration=0.723861, RunGuid=RunIDB40CBA39473CB239AC7A759A916C6834
DDCTransactionId2CB919A1437CD551510CCFA078F1EF17_49, PutCachedData=, CacheKey=TEXTURE_814DCC3DC72143F49509781513CB9855_BGRA8_7F344B3E4D4266CCE88B709D7F50042__222921CF9CB8F9912A54CD18C79B85BF33F2DF2A, StartTime=2016.04.07-19.20.52, HierarchicalDDC=, DataSize=16696, Duration=38.432346, RunGuid=RunIDB40CBA39473CB239AC7A759A916C6834
DDCTransactionId6F23FDA94934FE21D5C663BC1AF798FE_22, BuildTexture=, CacheKey=TEXTURE_814DCC3DC72143F49509781513CB9855_BGRA8_4957CBA74161F467DABFBE98D2CA62AC_07_0000803F0000803F0000803F000000000000803F00000000000000000000803F0000000000000000020000000D000100000000000101000000040000803FFFFFFFFF00000000FF00FF00FFFF8180803B, StartTime=2016.04.07-19.20.52, Duration=0.667520, RunGuid=RunIDB40CBA39473CB239AC7A759A916C6834
DDCTransactionId6B310DC9477F09A6A07916859E65B7BB_43, PutCachedData=, CacheKey=TEXTURE_814DCC3DC72143F49509781513CB9855_BGRA8_4957CBA74161F467DABFBE98D2CA62A__E14509477DFD3EB2EB2DB6FA164EBF60B21B7043, StartTime=2016.04.07-19.20.52, HierarchicalDDC=, DataSize=16696, Duration=6.079856, RunGuid=RunIDB40CBA39473CB239AC7A759A916C6834
DDCTransactionId6F23FDA94934FE21D5C663BC1AF798FE_23, BuildTexture=, CacheKey=TEXTURE_814DCC3DC72143F49509781513CB9855_BGRA8_8A9D9D2A48FA9339997AE79343CFD879_07_0000803F0000803F0000803F000000000000803F00000000000000000000803F0000000000000000020000000D000100000000000101000000040000803FFFFFFFFF00000000FF00FF00FFFF8180803B, StartTime=2016.04.07-19.20.52, Duration=0.777792, RunGuid=RunIDB40CBA39473CB239AC7A759A916C6834
DDCTransactionId6B310DC9477F09A6A07916859E65B7BB_44, PutCachedData=, CacheKey=TEXTURE_814DCC3DC72143F49509781513CB9855_BGRA8_8A9D9D2A48FA9339997AE79343CFD87__6E53AEB85A1CEED333B46798B5D732E0DB5F7973, StartTime=2016.04.07-19.20.52, HierarchicalDDC=, DataSize=16696, Duration=5.379874, RunGuid=RunIDB40CBA39473CB239AC7A759A916C6834
DDCTransactionId6F23FDA94934FE21D5C663BC1AF798FE_24, BuildTexture=, CacheKey=TEXTURE_814DCC3DC72143F49509781513CB9855_BGRA8_4FCFE7AC4BB0792204B58EA6C32D3177_07_0000803F0000803F0000803F000000000000803F00000000000000000000803F0000000000000000020000000D000100000000000101000000040000803FFFFFFFFF00000000FF00FF00FFFF8180803B, StartTime=2016.04.07-19.20.52, Duration=0.670739, RunGuid=RunIDB40CBA39473CB239AC7A759A916C6834
DDCTransactionId6B310DC9477F09A6A07916859E65B7BB_45, PutCachedData=, CacheKey=TEXTURE_814DCC3DC72143F49509781513CB9855_BGRA8_4FCFE7AC4BB0792204B58EA6C32D317__518950B96519736055C0913F8CEB6A8A2425EEC0, StartTime=2016.04.07-19.20.52, HierarchicalDDC=, DataSize=16696, Duration=6.054904, RunGuid=RunIDB40CBA39473CB239AC7A759A916C6834
DDCTransactionId6F23FDA94934FE21D5C663BC1AF798FE_25, BuildTexture=, CacheKey=TEXTURE_814DCC3DC72143F49509781513CB9855_BGRA8_D3CEBA6D46C9A259115E97AB0F4C15DF_07_0000803F0000803F0000803F000000000000803F00000000000000000000803F0000000000000000020000000D000100000000000101000000040000803FFFFFFFFF00000000FF00FF00FFFF8180803B, StartTime=2016.04.07-19.20.52, Duration=0.678252, RunGuid=RunIDB40CBA39473CB239AC7A759A916C6834
DDCTransactionId2CB919A1437CD551510CCFA078F1EF17_50, PutCachedData=, CacheKey=TEXTURE_814DCC3DC72143F49509781513CB9855_BGRA8_D3CEBA6D46C9A259115E97AB0F4C15D__D48CF3D72478D4898EA5113CA76D953D7794E8EB, StartTime=2016.04.07-19.20.52, HierarchicalDDC=, DataSize=16696, Duration=7.851418, RunGuid=RunIDB40CBA39473CB239AC7A759A916C6834
DDCTransactionId6F23FDA94934FE21D5C663BC1AF798FE_26, BuildTexture=, CacheKey=TEXTURE_814DCC3DC72143F49509781513CB9855_BGRA8_BCE8FE5741A00FEBD2B9A5B20374AA1B_07_0000803F0000803F0000803F000000000000803F00000000000000000000803F0000000000000000020000000D000000000000000101000000040000803FFFFFFFFF00000000FF00FF00FFFF8180803B, StartTime=2016.04.07-19.20.52, Duration=0.370514, RunGuid=RunIDB40CBA39473CB239AC7A759A916C6834
DDCTransactionId6B310DC9477F09A6A07916859E65B7BB_46, PutCachedData=, CacheKey=TEXTURE_814DCC3DC72143F49509781513CB9855_BGRA8_BCE8FE5741A00FEBD2B9A5B20374AA1__4410B99AB8D8E546A8817042EF75F318D48732CD, StartTime=2016.04.07-19.20.52, HierarchicalDDC=, DataSize=16696, Duration=5.249750, RunGuid=RunIDB40CBA39473CB239AC7A759A916C6834
DDCTransactionId6F23FDA94934FE21D5C663BC1AF798FE_27, BuildTexture=, CacheKey=TEXTURE_814DCC3DC72143F49509781513CB9855_BC5_A4E7B62F46E2851783D7E8BEA5DA034A_07_0000803F0000803F0000803F000000000000803F00000000000000000000803F00000000000000000200000001000000000000000100000000040000803FFFFFFFFF00000000FF00FF00FFFF8180803B, StartTime=2016.04.07-19.21.29, Duration=52.070911, RunGuid=RunIDB40CBA39473CB239AC7A759A916C6834
DDCTransactionId6B310DC9477F09A6A07916859E65B7BB_47, PutCachedData=, CacheKey=TEXTURE_814DCC3DC72143F49509781513CB9855_BC5_A4E7B62F46E2851783D7E8BEA5DA034A___1460A91016BB8214929FD01FA9459E4E2DBEAF75, StartTime=2016.04.07-19.21.29, HierarchicalDDC=, DataSize=262403, Duration=7.445488, RunGuid=RunIDB40CBA39473CB239AC7A759A916C6834
DDCTransactionId2CB919A1437CD551510CCFA078F1EF17_51, PutCachedData=, CacheKey=TEXTURE_814DCC3DC72143F49509781513CB9855_BC5_A4E7B62F46E2851783D7E8BEA5DA034A___C80FB78209DD15B6CAB9ACF178DCE816A06742C6, StartTime=2016.04.07-19.21.29, HierarchicalDDC=, DataSize=65795, Duration=6.762400, RunGuid=RunIDB40CBA39473CB239AC7A759A916C6834
DDCTransactionId2CB919A1437CD551510CCFA078F1EF17_52, PutCachedData=, CacheKey=TEXTURE_814DCC3DC72143F49509781513CB9855_BC5_A4E7B62F46E2851783D7E8BEA5DA034A___3C0447A7B320E05D85CB6A57DFEE153B41DD3FEC, StartTime=2016.04.07-19.21.29, HierarchicalDDC=, DataSize=16643, Duration=5.742073, RunGuid=RunIDB40CBA39473CB239AC7A759A916C6834
DDCTransactionId6B310DC9477F09A6A07916859E65B7BB_48, PutCachedData=, CacheKey=TEXTURE_814DCC3DC72143F49509781513CB9855_BC5_A4E7B62F46E2851783D7E8BEA5DA034A___6DF01F6B7DECFF326FB9C4AD5A6D9E407684D0DF, StartTime=2016.04.07-19.21.29, HierarchicalDDC=, DataSize=6882, Duration=5.334262, RunGuid=RunIDB40CBA39473CB239AC7A759A916C6834
DDCTransactionId6F23FDA94934FE21D5C663BC1AF798FE_28, BuildTexture=, CacheKey=TEXTURE_814DCC3DC72143F49509781513CB9855_AutoDXT_516BCC79466F344857F523AB61EC30B6_07_0000803F0000803F0000803F000000000000803F00000000000000000000803F00000000000000000200000001000100000000000101000000040000803FFFFFFFFF00000000FF00FF00FFFF8180803B, StartTime=2016.04.07-19.21.29, Duration=300.012207, RunGuid=RunIDB40CBA39473CB239AC7A759A916C6834
DDCTransactionId2CB919A1437CD551510CCFA078F1EF17_53, PutCachedData=, CacheKey=TEXTURE_814DCC3DC72143F49509781513CB9855_AutoDXT_516BCC79466F344857F523AB61EC3__587B86C47A5780001741F6210CB1A7EE90776BDC, StartTime=2016.04.07-19.21.30, HierarchicalDDC=, DataSize=262407, Duration=8.072763, RunGuid=RunIDB40CBA39473CB239AC7A759A916C6834
DDCTransactionId6B310DC9477F09A6A07916859E65B7BB_49, PutCachedData=, CacheKey=TEXTURE_814DCC3DC72143F49509781513CB9855_AutoDXT_516BCC79466F344857F523AB61EC3__5677D6BAA40B32783475E59FF60C01D93A85AD89, StartTime=2016.04.07-19.21.30, HierarchicalDDC=, DataSize=65799, Duration=7.961419, RunGuid=RunIDB40CBA39473CB239AC7A759A916C6834
DDCTransactionId6B310DC9477F09A6A07916859E65B7BB_50, PutCachedData=, CacheKey=TEXTURE_814DCC3DC72143F49509781513CB9855_AutoDXT_516BCC79466F344857F523AB61EC3__2DD35DBBBF748920F09312F8C87A92C7BEFC91DF, StartTime=2016.04.07-19.21.30, HierarchicalDDC=, DataSize=16647, Duration=6.814454, RunGuid=RunIDB40CBA39473CB239AC7A759A916C6834
DDCTransactionId2CB919A1437CD551510CCFA078F1EF17_54, PutCachedData=, CacheKey=TEXTURE_814DCC3DC72143F49509781513CB9855_AutoDXT_516BCC79466F344857F523AB61EC3__290EA573399BDA581788399C5553AEDDA200E884, StartTime=2016.04.07-19.21.30, HierarchicalDDC=, DataSize=6899, Duration=6.343324, RunGuid=RunIDB40CBA39473CB239AC7A759A916C6834
SavePackageTransactionId7F9A448444E762F9FC669A9A6049C74C_1, Filename=G:/CastleQuest/CastleQuest/Content/FirstPersonBP/Blueprints/FirstPersonCharacter.uasset, AutoPackageBackupDelegate=30.973982, FlushAsyncLoading=0.017710, FlushStreamingFunc=0.164196, BlockTillAllRequestsFinished=0.010733, ResetLoadersForSaveUnMarkAllObjects=0.582740, TagPackageExports=14.955096, BeginCacheForCookedPlatformData=0.004023, SerializeImports=14.832481, GatherLocalizableTextData=21.508228, MarkNames=0.099804, SerializeSummary=0.016637, SerializeNames=0.455029, SerializeGatherableTextData=11.259582, BuildExportMap=0.383127, SortExportsNonSeekfree=2.317812, SortExportsSeekfreeConstructor=0.073243, SortExportsSeekfreeInner=35.366795, SortExportsSeekfree=0.006169, BuildDependencyMap=1.041524, SerializeImportMap=0.026293, SerializeExportMap=0.078879, SerializeDependencyMap=0.019856, SerializeStringAssetReferenceMap=0.002950, SaveThumbNailsAssetRegistryDataWorldLevelInfo=23.491203, SerializeExports=21.834206, SerializeBulkData=0.008583, MoveFile=4.397374, UnaccountedTime=1.085527, RunGuid=RunIDB40CBA39473CB239AC7A759A916C6834
DDCTransactionId6F23FDA94934FE21D5C663BC1AF798FE_29, BuildTexture=, CacheKey=TEXTURE_814DCC3DC72143F49509781513CB9855_AutoDXT_90C6324A4AF82591AE2162AC69D80D60_07_0000803F0000803F0000803F000000000000803F00000000000000000000803F00000000000000000200000001000100000000000101000000040000803FFFFFFFFF00000000FF00FF00FFFF8180803B, StartTime=2016.04.07-19.21.47, Duration=0.720378, RunGuid=RunIDB40CBA39473CB239AC7A759A916C6834
DDCTransactionId2CB919A1437CD551510CCFA078F1EF17_55, PutCachedData=, CacheKey=TEXTURE_814DCC3DC72143F49509781513CB9855_AutoDXT_90C6324A4AF82591AE2162AC69D80__655971A9E45D400D5B23988339039B2547464615, StartTime=2016.04.07-19.21.47, HierarchicalDDC=, DataSize=822, Duration=5.640123, RunGuid=RunIDB40CBA39473CB239AC7A759A916C6834
SavePackageTransactionId7F9A448444E762F9FC669A9A6049C74C_2, Filename=G:/CastleQuest/CastleQuest/Content/FirstPersonBP/Blueprints/FirstPersonCharacter.uasset, AutoPackageBackupDelegate=0.389833, FlushAsyncLoading=0.002950, FlushStreamingFunc=0.073783, BlockTillAllRequestsFinished=0.004828, ResetLoadersForSaveUnMarkAllObjects=0.084784, TagPackageExports=12.702748, BeginCacheForCookedPlatformData=0.003219, SerializeImports=13.315804, GatherLocalizableTextData=21.678596, MarkNames=0.083975, SerializeSummary=0.015561, SerializeNames=0.369176, SerializeGatherableTextData=10.219667, BuildExportMap=0.251662, SortExportsNonSeekfree=1.837559, SortExportsSeekfreeConstructor=0.074856, SortExportsSeekfreeInner=29.130251, SortExportsSeekfree=0.006441, BuildDependencyMap=0.104900, SerializeImportMap=0.021193, SerializeExportMap=0.061978, SerializeDependencyMap=0.016097, SerializeStringAssetReferenceMap=0.002414, SaveThumbNailsAssetRegistryDataWorldLevelInfo=1.802951, SerializeExports=19.772619, SerializeBulkData=0.009660, MoveFile=4.458275, UnaccountedTime=1.067016, RunGuid=RunIDB40CBA39473CB239AC7A759A916C6834
SavePackageTransactionId7F9A448444E762F9FC669A9A6049C74C_3, Filename=G:/CastleQuest/CastleQuest/Content/FirstPersonBP/Blueprints/FirstPersonCharacter.uasset, AutoPackageBackupDelegate=0.353079, FlushAsyncLoading=0.002682, FlushStreamingFunc=0.078611, BlockTillAllRequestsFinished=0.003755, ResetLoadersForSaveUnMarkAllObjects=0.083175, TagPackageExports=11.909399, BeginCacheForCookedPlatformData=0.002682, SerializeImports=12.465037, GatherLocalizableTextData=19.152048, MarkNames=0.063587, SerializeSummary=0.015024, SerializeNames=0.315249, SerializeGatherableTextData=0.188075, BuildExportMap=0.197735, SortExportsNonSeekfree=1.721118, SortExportsSeekfreeConstructor=0.071369, SortExportsSeekfreeInner=29.514988, SortExportsSeekfree=0.008587, BuildDependencyMap=0.096317, SerializeImportMap=0.016637, SerializeExportMap=0.049900, SerializeDependencyMap=0.086658, SerializeStringAssetReferenceMap=0.003222, SaveThumbNailsAssetRegistryDataWorldLevelInfo=1.990218, SerializeExports=18.923197, SerializeBulkData=0.010192, MoveFile=6.772332, UnaccountedTime=1.110479, RunGuid=RunIDB40CBA39473CB239AC7A759A916C6834
SavePackageTransactionId7F9A448444E762F9FC669A9A6049C74C_4, Filename=G:/CastleQuest/CastleQuest/Content/FirstPersonBP/Blueprints/FirstPersonHUD.uasset, AutoPackageBackupDelegate=5.360018, FlushAsyncLoading=0.008319, FlushStreamingFunc=0.093367, BlockTillAllRequestsFinished=0.011537, ResetLoadersForSaveUnMarkAllObjects=0.121269, TagPackageExports=5.711220, BeginCacheForCookedPlatformData=0.003755, SerializeImports=6.223668, GatherLocalizableTextData=5.176772, MarkNames=0.038099, SerializeSummary=0.012878, SerializeNames=0.282247, SerializeGatherableTextData=16.309723, BuildExportMap=0.197195, SortExportsNonSeekfree=1.059234, SortExportsSeekfreeConstructor=0.068415, SortExportsSeekfreeInner=9.534441, SortExportsSeekfree=0.004292, BuildDependencyMap=0.058223, SerializeImportMap=0.015561, SerializeExportMap=0.035416, SerializeDependencyMap=0.005633, SerializeStringAssetReferenceMap=0.002146, SaveThumbNailsAssetRegistryDataWorldLevelInfo=0.974186, SerializeExports=9.008579, SerializeBulkData=0.005901, MoveFile=4.634816, UnaccountedTime=1.002084, RunGuid=RunIDB40CBA39473CB239AC7A759A916C6834
SavePackageTransactionId7F9A448444E762F9FC669A9A6049C74C_5, Filename=G:/CastleQuest/CastleQuest/Content/FirstPersonBP/Maps/FirstPersonExampleMap.umap, AutoPackageBackupDelegate=114.425613, FlushAsyncLoading=0.020389, FlushStreamingFunc=0.092026, BlockTillAllRequestsFinished=0.007514, ResetLoadersForSaveUnMarkAllObjects=70.956810, TagPackageExports=2.882842, BeginCacheForCookedPlatformData=0.004828, SerializeImports=4.318494, GatherLocalizableTextData=19.591522, MarkNames=0.108927, SerializeSummary=0.018243, SerializeNames=15.974887, SerializeGatherableTextData=0.044003, BuildExportMap=0.401370, SortExportsNonSeekfree=1.010135, SortExportsSeekfreeConstructor=0.069220, SortExportsSeekfreeInner=47.566757, SortExportsSeekfree=0.009924, BuildDependencyMap=0.165004, SerializeImportMap=0.061441, SerializeExportMap=0.063319, SerializeDependencyMap=0.010192, SerializeStringAssetReferenceMap=0.002418, SaveThumbNailsAssetRegistryDataWorldLevelInfo=1.529556, SerializeExports=24.958782, SerializeBulkData=3010.757324, MoveFile=7.287457, UnaccountedTime=1.374483, RunGuid=RunIDB40CBA39473CB239AC7A759A916C6834
DDCTransactionId6B310DC9477F09A6A07916859E65B7BB_51, PutCachedData=, CacheKey=PhysX_1D9C17C451EA4FB88CB7A27536A65DB0_PhysXPC_5624862E45ED71386E8C4AAE73BB108F__1_0_13123_0, StartTime=2016.04.07-19.25.56, HierarchicalDDC=, DataSize=465, Duration=11.060506, RunGuid=RunIDB40CBA39473CB239AC7A759A916C6834
DDCTransactionId6B310DC9477F09A6A07916859E65B7BB_52, PutCachedData=, CacheKey=PhysX_1D9C17C451EA4FB88CB7A27536A65DB0_PhysXPC_5C97CAC84F825000A8C97EAC2930BA0F__1_0_13123_0, StartTime=2016.04.07-19.26.00, HierarchicalDDC=, DataSize=458, Duration=2.486836, RunGuid=RunIDB40CBA39473CB239AC7A759A916C6834
DDCTransactionId2CB919A1437CD551510CCFA078F1EF17_56, PutCachedData=, CacheKey=PhysX_1D9C17C451EA4FB88CB7A27536A65DB0_PhysXPC_E2CE2E56461C7CE0289157B1F3E05B84__1_0_13123_0, StartTime=2016.04.07-19.26.00, HierarchicalDDC=, DataSize=458, Duration=2.483081, RunGuid=RunIDB40CBA39473CB239AC7A759A916C6834
DDCTransactionId6B310DC9477F09A6A07916859E65B7BB_53, PutCachedData=, CacheKey=PhysX_1D9C17C451EA4FB88CB7A27536A65DB0_PhysXPC_903122A84393D415489EA49673E1A7C5__1_0_13123_0, StartTime=2016.04.07-19.26.00, HierarchicalDDC=, DataSize=465, Duration=5.153701, RunGuid=RunIDB40CBA39473CB239AC7A759A916C6834
DDCTransactionId2CB919A1437CD551510CCFA078F1EF17_57, PutCachedData=, CacheKey=PhysX_1D9C17C451EA4FB88CB7A27536A65DB0_PhysXPC_F2F721FD4E3B1045539CDFB452F45BEB__1_0_13123_0, StartTime=2016.04.07-19.26.03, HierarchicalDDC=, DataSize=458, Duration=3.011894, RunGuid=RunIDB40CBA39473CB239AC7A759A916C6834
DDCTransactionId6B310DC9477F09A6A07916859E65B7BB_54, PutCachedData=, CacheKey=PhysX_1D9C17C451EA4FB88CB7A27536A65DB0_PhysXPC_832C5E2A49EFEDE4C965BCB071E17437__1_0_13123_0, StartTime=2016.04.07-19.26.03, HierarchicalDDC=, DataSize=458, Duration=2.933819, RunGuid=RunIDB40CBA39473CB239AC7A759A916C6834
DDCTransactionId2CB919A1437CD551510CCFA078F1EF17_58, PutCachedData=, CacheKey=PhysX_1D9C17C451EA4FB88CB7A27536A65DB0_PhysXPC_386A20B8485865F14338A58B489ED8C2__1_0_13123_0, StartTime=2016.04.07-19.26.03, HierarchicalDDC=, DataSize=451, Duration=6.855771, RunGuid=RunIDB40CBA39473CB239AC7A759A916C6834
DDCTransactionId6B310DC9477F09A6A07916859E65B7BB_55, PutCachedData=, CacheKey=PhysX_1D9C17C451EA4FB88CB7A27536A65DB0_PhysXPC_DC0142BE441A1D40431CBDB6D8EE6ACF__1_0_13123_0, StartTime=2016.04.07-19.26.03, HierarchicalDDC=, DataSize=347, Duration=5.897418, RunGuid=RunIDB40CBA39473CB239AC7A759A916C6834
DDCTransactionId6B310DC9477F09A6A07916859E65B7BB_56, PutCachedData=, CacheKey=PhysX_1D9C17C451EA4FB88CB7A27536A65DB0_PhysXPC_B6125B3A4646219C6D8141A9C7877142__1_0_13123_0, StartTime=2016.04.07-19.26.05, HierarchicalDDC=, DataSize=458, Duration=3.278579, RunGuid=RunIDB40CBA39473CB239AC7A759A916C6834
DDCTransactionId2CB919A1437CD551510CCFA078F1EF17_59, PutCachedData=, CacheKey=PhysX_1D9C17C451EA4FB88CB7A27536A65DB0_PhysXPC_3EC577F446266CF3DDF01DA2BE52F47D__1_0_13123_0, StartTime=2016.04.07-19.26.05, HierarchicalDDC=, DataSize=458, Duration=2.878010, RunGuid=RunIDB40CBA39473CB239AC7A759A916C6834
DDCTransactionId6B310DC9477F09A6A07916859E65B7BB_57, PutCachedData=, CacheKey=PhysX_1D9C17C451EA4FB88CB7A27536A65DB0_PhysXPC_A8C2A9E44899B8ADB29AA8B17BD19444__1_0_13123_0, StartTime=2016.04.07-19.26.05, HierarchicalDDC=, DataSize=437, Duration=15.702031, RunGuid=RunIDB40CBA39473CB239AC7A759A916C6834
DDCTransactionId2CB919A1437CD551510CCFA078F1EF17_60, PutCachedData=, CacheKey=PhysX_1D9C17C451EA4FB88CB7A27536A65DB0_PhysXPC_2E19A096481C45C884AEEEA4491D450A__1_0_13123_0, StartTime=2016.04.07-19.26.05, HierarchicalDDC=, DataSize=347, Duration=5.565800, RunGuid=RunIDB40CBA39473CB239AC7A759A916C6834
DDCTransactionId2CB919A1437CD551510CCFA078F1EF17_61, PutCachedData=, CacheKey=PhysX_1D9C17C451EA4FB88CB7A27536A65DB0_PhysXPC_3772BAEC4CA6AD33AC5A32991A589E5E__1_0_13123_0, StartTime=2016.04.07-19.26.05, HierarchicalDDC=, DataSize=347, Duration=6.077979, RunGuid=RunIDB40CBA39473CB239AC7A759A916C6834
DDCTransactionId2CB919A1437CD551510CCFA078F1EF17_62, PutCachedData=, CacheKey=PhysX_1D9C17C451EA4FB88CB7A27536A65DB0_PhysXPC_A00D7B624FC3CE0691D6C2AEFCC95878__1_0_13123_0, StartTime=2016.04.07-19.26.08, HierarchicalDDC=, DataSize=458, Duration=2.994720, RunGuid=RunIDB40CBA39473CB239AC7A759A916C6834
DDCTransactionId6B310DC9477F09A6A07916859E65B7BB_58, PutCachedData=, CacheKey=PhysX_1D9C17C451EA4FB88CB7A27536A65DB0_PhysXPC_3F603559424615D6592DDC8EAFF0ACBE__1_0_13123_0, StartTime=2016.04.07-19.26.08, HierarchicalDDC=, DataSize=458, Duration=2.939183, RunGuid=RunIDB40CBA39473CB239AC7A759A916C6834
DDCTransactionId2CB919A1437CD551510CCFA078F1EF17_63, PutCachedData=, CacheKey=PhysX_1D9C17C451EA4FB88CB7A27536A65DB0_PhysXPC_5A86C62F4E52C57E3CA0B8BE0367F3B9__1_0_13123_0, StartTime=2016.04.07-19.26.08, HierarchicalDDC=, DataSize=437, Duration=5.789023, RunGuid=RunIDB40CBA39473CB239AC7A759A916C6834
DDCTransactionId6B310DC9477F09A6A07916859E65B7BB_59, PutCachedData=, CacheKey=PhysX_1D9C17C451EA4FB88CB7A27536A65DB0_PhysXPC_4FBCC03E4725B4E9571EC88ED6CD4964__1_0_13123_0, StartTime=2016.04.07-19.26.08, HierarchicalDDC=, DataSize=347, Duration=5.042091, RunGuid=RunIDB40CBA39473CB239AC7A759A916C6834
DDCTransactionId6B310DC9477F09A6A07916859E65B7BB_60, PutCachedData=, CacheKey=PhysX_1D9C17C451EA4FB88CB7A27536A65DB0_PhysXPC_8E20BE204F1EF24AB1CA06B1138D6C17__1_0_13123_0, StartTime=2016.04.07-19.26.08, HierarchicalDDC=, DataSize=347, Duration=5.924784, RunGuid=RunIDB40CBA39473CB239AC7A759A916C6834
DDCTransactionId2CB919A1437CD551510CCFA078F1EF17_64, PutCachedData=, CacheKey=PhysX_1D9C17C451EA4FB88CB7A27536A65DB0_PhysXPC_D6D4BA394B3D25A02AC1CE8C8786ADE7__1_0_13123_0, StartTime=2016.04.07-19.26.09, HierarchicalDDC=, DataSize=458, Duration=2.827305, RunGuid=RunIDB40CBA39473CB239AC7A759A916C6834
DDCTransactionId6B310DC9477F09A6A07916859E65B7BB_61, PutCachedData=, CacheKey=PhysX_1D9C17C451EA4FB88CB7A27536A65DB0_PhysXPC_839D7FCF4893526DD26B0B9EBF9DA4A9__1_0_13123_0, StartTime=2016.04.07-19.26.09, HierarchicalDDC=, DataSize=458, Duration=2.838843, RunGuid=RunIDB40CBA39473CB239AC7A759A916C6834
DDCTransactionId2CB919A1437CD551510CCFA078F1EF17_65, PutCachedData=, CacheKey=PhysX_1D9C17C451EA4FB88CB7A27536A65DB0_PhysXPC_556406574BB5C62AACFC479AB75EB616__1_0_13123_0, StartTime=2016.04.07-19.26.09, HierarchicalDDC=, DataSize=437, Duration=5.489338, RunGuid=RunIDB40CBA39473CB239AC7A759A916C6834
DDCTransactionId6B310DC9477F09A6A07916859E65B7BB_62, PutCachedData=, CacheKey=PhysX_1D9C17C451EA4FB88CB7A27536A65DB0_PhysXPC_1711ED1E462103EDE3EC0E9537882920__1_0_13123_0, StartTime=2016.04.07-19.26.09, HierarchicalDDC=, DataSize=347, Duration=5.156383, RunGuid=RunIDB40CBA39473CB239AC7A759A916C6834
DDCTransactionId2CB919A1437CD551510CCFA078F1EF17_66, PutCachedData=, CacheKey=PhysX_1D9C17C451EA4FB88CB7A27536A65DB0_PhysXPC_813FF7444768F8B58FC46C84BE118E61__1_0_13123_0, StartTime=2016.04.07-19.26.09, HierarchicalDDC=, DataSize=347, Duration=5.172212, RunGuid=RunIDB40CBA39473CB239AC7A759A916C6834
SavePackageTransactionId7F9A448444E762F9FC669A9A6049C74C_6, Filename=G:/CastleQuest/CastleQuest/Content/FirstPersonBP/Maps/FirstPersonExampleMap.umap, AutoPackageBackupDelegate=0.597764, FlushAsyncLoading=0.002682, FlushStreamingFunc=0.066001, BlockTillAllRequestsFinished=0.003755, ResetLoadersForSaveUnMarkAllObjects=70.419952, TagPackageExports=1.164671, BeginCacheForCookedPlatformData=0.001881, SerializeImports=1.838095, GatherLocalizableTextData=15.871592, MarkNames=0.082906, SerializeSummary=0.019852, SerializeNames=0.584349, SerializeGatherableTextData=0.033002, BuildExportMap=0.345029, SortExportsNonSeekfree=0.322491, SortExportsSeekfreeConstructor=0.074584, SortExportsSeekfreeInner=30.215509, SortExportsSeekfree=0.005368, BuildDependencyMap=0.092294, SerializeImportMap=0.046950, SerializeExportMap=0.032198, SerializeDependencyMap=0.005901, SerializeStringAssetReferenceMap=0.013147, SaveThumbNailsAssetRegistryDataWorldLevelInfo=1.093846, SerializeExports=6.148271, SerializeBulkData=43.951199, MoveFile=7.900246, UnaccountedTime=1.430020, RunGuid=RunIDB40CBA39473CB239AC7A759A916C6834
SavePackageTransactionId7F9A448444E762F9FC669A9A6049C74C_7, Filename=G:/CastleQuest/CastleQuest/Content/FirstPersonBP/Maps/FirstPersonExampleMap.umap, AutoPackageBackupDelegate=0.600178, FlushAsyncLoading=0.002950, FlushStreamingFunc=0.066001, BlockTillAllRequestsFinished=0.003755, ResetLoadersForSaveUnMarkAllObjects=76.125000, TagPackageExports=1.642238, BeginCacheForCookedPlatformData=0.003487, SerializeImports=2.723742, GatherLocalizableTextData=12.698457, MarkNames=0.074588, SerializeSummary=0.016902, SerializeNames=7.974833, SerializeGatherableTextData=0.041854, BuildExportMap=0.379372, SortExportsNonSeekfree=0.321150, SortExportsSeekfreeConstructor=0.073783, SortExportsSeekfreeInner=30.693878, SortExportsSeekfree=0.005905, BuildDependencyMap=0.094976, SerializeImportMap=0.050437, SerializeExportMap=0.032466, SerializeDependencyMap=0.006169, SerializeStringAssetReferenceMap=0.001881, SaveThumbNailsAssetRegistryDataWorldLevelInfo=1.034278, SerializeExports=6.409596, SerializeBulkData=13.908740, MoveFile=5.743146, UnaccountedTime=0.276346, RunGuid=RunIDB40CBA39473CB239AC7A759A916C6834
SavePackageTransactionId7F9A448444E762F9FC669A9A6049C74C_8, Filename=G:/CastleQuest/CastleQuest/Content/FirstPersonBP/Maps/FirstPersonExampleMap.umap, AutoPackageBackupDelegate=0.493396, FlushAsyncLoading=0.002682, FlushStreamingFunc=0.061709, BlockTillAllRequestsFinished=0.009928, ResetLoadersForSaveUnMarkAllObjects=69.184982, TagPackageExports=1.128990, BeginCacheForCookedPlatformData=0.001609, SerializeImports=1.881026, GatherLocalizableTextData=11.961982, MarkNames=0.078343, SerializeSummary=0.017170, SerializeNames=0.525594, SerializeGatherableTextData=0.031658, BuildExportMap=0.314444, SortExportsNonSeekfree=0.376686, SortExportsSeekfreeConstructor=0.076734, SortExportsSeekfreeInner=28.720829, SortExportsSeekfree=0.005636, BuildDependencyMap=0.091489, SerializeImportMap=0.050977, SerializeExportMap=0.032462, SerializeDependencyMap=0.005636, SerializeStringAssetReferenceMap=0.001878, SaveThumbNailsAssetRegistryDataWorldLevelInfo=0.998598, SerializeExports=6.284032, SerializeBulkData=26.445143, MoveFile=6.394573, UnaccountedTime=0.276882, RunGuid=RunIDB40CBA39473CB239AC7A759A916C6834
